"","id","search_query","topic","top_terms"
"1",24439,"israel palestine war",1,"war, gaza, netanyahu, support, end"
"2",24439,"israel palestine war",2,"netanyahu, may, also, war, israel"
"3",24439,"israel palestine war",3,"israeli, netanyahu, ministers, october, victory"
"4",63950,"israel palestine war",1,"people, jewish, see, zionism, palestine"
"5",63950,"israel palestine war",2,"people, religion, zionism, can, know"
"6",63950,"israel palestine war",3,"jewish, people, judaism, know, now"
"7",79726,"israel palestine war",1,"madrasa, children, good, started, schools"
"8",79726,"israel palestine war",2,"sexual, abuse, family, one, justice"
"9",79726,"israel palestine war",3,"one, know, children, pakistan, madrasa"
"10",56956,"israel palestine war",1,"gaza, actually, know, people, aid"
"11",56956,"israel palestine war",2,"people, know, now, gaza, israeli"
"12",56956,"israel palestine war",3,"gaza, aid, israel, can, people"
"13",96340,"israel palestine war",1,"jerusalem, going, know, green, line"
"14",96340,"israel palestine war",2,"one, line, living, temple, say"
"15",96340,"israel palestine war",3,"green, temple, israel, palestinians, line"
"16",36403,"israel palestine war",1,"israeli, gaza, genocide, say, war"
"17",36403,"israel palestine war",2,"israel, war, gaza, palestinians, aid"
"18",36403,"israel palestine war",3,"gaza, israel, aid, now, israeli"
"19",70293,"israel palestine war",1,"israeli, really, army, now, soldier"
"20",70293,"israel palestine war",2,"soldiers, pressure, two, gaza, israeli"
"21",70293,"israel palestine war",3,"israeli, also, soldiers, gaza, captives"
"22",95248,"israel palestine war",1,"israeli, gaza, one, systems, drones"
"23",95248,"israel palestine war",2,"can, palestinians, also, hamas, know"
"24",95248,"israel palestine war",3,"israel, technology, military, gaza, people"
"25",65006,"israel palestine war",1,"mean, just, well, people, know"
"26",65006,"israel palestine war",2,"going, people, gaza, just, know"
"27",65006,"israel palestine war",3,"people, international, know, like, law"
"28",79255,"israel palestine war",1,"american, israeli, people, can, settlers"
"29",79255,"israel palestine war",2,"settlements, palestinians, israeli, going, israel"
"30",79255,"israel palestine war",3,"israeli, settlers, palestinians, soldiers, one"
"31",64312,"israel palestine war",1,"rescue, can, people, four, ship"
"32",64312,"israel palestine war",2,"gaza, now, people, can, nonviolent"
"33",64312,"israel palestine war",3,"flotilla, gaza, people, ship, also"
"34",34308,"israel palestine war",1,"madawi, vermont, new, asked, mosen"
"35",34308,"israel palestine war",2,"people, vermont, going, peace, also"
"36",34308,"israel palestine war",3,"pain, well, want, justice, university"
"37",84507,"israel palestine war",1,"know, like, going, right, mean"
"38",84507,"israel palestine war",2,"know, war, israel, want, going"
"39",84507,"israel palestine war",3,"america, trump, donald, know, put"
"40",15315,"israel palestine war",1,"zionism, israel, even, know, america"
"41",15315,"israel palestine war",2,"jews, state, israel, jewish, nationality"
"42",15315,"israel palestine war",3,"israel, jewish, like, jews, want"
"43",70077,"israel palestine war",1,"israel, law, international, court, people"
"44",70077,"israel palestine war",2,"israel, international, palestinian, law, people"
"45",70077,"israel palestine war",3,"right, international, opinion, israel, law"
"46",95368,"israel palestine war",1,"law, university, harvard, federal, court"
"47",95368,"israel palestine war",2,"trump, country, universities, see, administration"
"48",95368,"israel palestine war",3,"harvard, trying, law, professor, administration"
"49",49118,"israel palestine war",1,"financial, korea, crisis, kong, thailand"
"50",49118,"israel palestine war",2,"financial, crisis, global, world, loans"
"51",49118,"israel palestine war",3,"crisis, world, asian, companies, time"
"52",17935,"israel palestine war",1,"international, law, gaza, israel, people"
"53",17935,"israel palestine war",2,"law, israel, one, states, also"
"54",17935,"israel palestine war",3,"israel, law, international, human, civilians"
"55",12549,"israel palestine war",1,"canada, just, trade, mean, think"
"56",12549,"israel palestine war",2,"united, defense, think, going, moment"
"57",12549,"israel palestine war",3,"canada, trade, america, tariffs, like"
"58",32097,"israel palestine war",1,"israel, aid, gaza, humanitarian, get"
"59",32097,"israel palestine war",2,"aid, gaza, know, plan, chris"
"60",32097,"israel palestine war",3,"people, gaza, aid, think, plan"
"61",59528,"israel palestine war",1,"research, scientific, china, antarctic, united"
"62",59528,"israel palestine war",2,"antarctic, china, treaty, antarctica, russia"
"63",59528,"israel palestine war",3,"antarctica, treaty, well, research, interests"
"64",43069,"israel palestine war",1,"just, say, terry, criminal, court"
"65",43069,"israel palestine war",2,"one, like, audience, people, can"
"66",43069,"israel palestine war",3,"terry, audience, said, fact, people"
"67",48390,"israel palestine war",1,"audience, just, people, health, laughs"
"68",48390,"israel palestine war",2,"audience, laughs, like, research, make"
"69",48390,"israel palestine war",3,"laughs, get, like, cuts, know"
"70",46780,"israel palestine war",1,"data, water, center, community, centers"
"71",46780,"israel palestine war",2,"silicon, water, just, empire, energy"
"72",46780,"israel palestine war",3,"valley, data, one, empire, sam"
"73",11187,"israel palestine war",1,"laughter, know, look, like, well"
"74",11187,"israel palestine war",2,"laughter, trump, president, even, news"
"75",11187,"israel palestine war",3,"laughter, bleep, one, just, gonna"
"76",35466,"israel palestine war",1,"laughs, fcc, press, like, audience"
"77",35466,"israel palestine war",2,"audience, trump, answer, like, network"
"78",35466,"israel palestine war",3,"laughs, audience, trump, like, just"
"79",82029,"israel palestine war",1,"love, prophet, allah, saws, messenger"
"80",82029,"israel palestine war",2,"allah, prophet, saws, one, know"
"81",82029,"israel palestine war",3,"allah, love, prophet, person, sallallahu"
"82",76707,"israel palestine war",1,"know, malaysia, dollars, one, think"
"83",76707,"israel palestine war",2,"know, jolo, money, now, china"
"84",76707,"israel palestine war",3,"jolo, 1mdb, money, think, legal"
"85",77598,"israel palestine war",1,"just, ewtn, can, school, like"
"86",77598,"israel palestine war",2,"well, pope, lot, math, people"
"87",77598,"israel palestine war",3,"now, catholic, musk, president, can"
"88",36042,"israel palestine war",1,"just, first, like, one, know"
"89",36042,"israel palestine war",2,"church, years, people, united, dark"
"90",36042,"israel palestine war",3,"like, churches, gospel, church, one"
"91",25814,"israel palestine war",1,"israeli, think, regime, know, syria"
"92",25814,"israel palestine war",2,"israel, israeli, know, regime, region"
"93",25814,"israel palestine war",3,"people, israel, resistance, gaza, know"
"94",72776,"israel palestine war",1,"violence, israeli, settler, palestinians, often"
"95",72776,"israel palestine war",2,"violence, settlers, palestinian, palestinians, settler"
"96",72776,"israel palestine war",3,"palestinians, settlers, settler, palestinian, often"
"97",87474,"israel palestine war",1,"palestinians, people, palestinian, land, homes"
"98",87474,"israel palestine war",2,"people, israeli, gaza, zionist, expelled"
"99",87474,"israel palestine war",3,"gaza, jordan, palestinians, one, israeli"
"100",34767,"israel palestine war",1,"musk, know, trump, really, musk's"
"101",34767,"israel palestine war",2,"kind, now, elon, mean, trump"
"102",34767,"israel palestine war",3,"think, always, trump, big, kind"
"103",22707,"israel palestine war",1,"american, israel, people, think, palestinian"
"104",22707,"israel palestine war",2,"know, palestinian, say, just, like"
"105",22707,"israel palestine war",3,"know, say, time, book, people"
"106",28526,"israel palestine war",1,"trump, one, mean, like, thank"
"107",28526,"israel palestine war",2,"trump, like, right, look, white"
"108",28526,"israel palestine war",3,"like, elon, trump, going, president"
"109",80363,"israel palestine war",1,"care, gaza, hospitals, left, children"
"110",80363,"israel palestine war",2,"gaza, children, now, immediate, see"
"111",80363,"israel palestine war",3,"health, one, children, system, gaza"
"112",48754,"israel palestine war",1,"just, children, mean, time, gaza"
"113",48754,"israel palestine war",2,"killed, people, gaza, now, know"
"114",48754,"israel palestine war",3,"mean, know, just, now, school"
"115",67841,"israel palestine war",1,"trump, president, new, including, school"
"116",67841,"israel palestine war",2,"russia, gaza, trump, european, ukraine"
"117",67841,"israel palestine war",3,"new, trump, said, quote, health"
"118",53252,"israel palestine war",1,"know, going, trump, world, america"
"119",53252,"israel palestine war",2,"know, country, way, say, fight"
"120",53252,"israel palestine war",3,"know, trump, just, now, like"
"121",68199,"israel palestine war",1,"trump, jeffrey, mean, know, president"
"122",68199,"israel palestine war",2,"think, trump, going, israel, goldberg"
"123",68199,"israel palestine war",3,"goldberg, jeffrey, donald, david, really"
"124",11967,"israel palestine war",1,"people, abrego, said, cuts, garcia"
"125",11967,"israel palestine war",2,"trump, musk, elon, garcia, administration"
"126",11967,"israel palestine war",3,"now, trump, bill, bananas, going"
"127",29467,"israel palestine war",1,"like, universities, american, much, know"
"128",29467,"israel palestine war",2,"today, mccarthyism, student, trump, federal"
"129",29467,"israel palestine war",3,"universities, american, university, now, higher"
"130",27836,"israel palestine war",1,"states, weapons, war, united, iraq"
"131",27836,"israel palestine war",2,"war, iraq, oil, weapons, destruction"
"132",27836,"israel palestine war",3,"states, united, iraq, george, kuwait"
"133",40783,"israel palestine war",1,"population, palestine, going, austrian, just"
"134",40783,"israel palestine war",2,"one, population, like, palestinian, israelis"
"135",40783,"israel palestine war",3,"palestine, jewish, british, land, going"
"136",28384,"israel palestine war",1,"wasallam, alaihi, one, know, said"
"137",28384,"israel palestine war",2,"allah, wasallam, prophet, said, one"
"138",28384,"israel palestine war",3,"prophet, allah, right, people, alaihi"
"139",52940,"israel palestine war",1,"jewish, jews, country, religion, people"
"140",52940,"israel palestine war",2,"jews, jew, israel, now, like"
"141",52940,"israel palestine war",3,"israel, jews, nationality, say, zionism"
"142",66200,"israel palestine war",1,"world, state, war, know, question"
"143",66200,"israel palestine war",2,"israel, international, world, gaza, solution"
"144",66200,"israel palestine war",3,"war, world, international, even, state"
"145",88447,"israel palestine war",1,"fee, know, want, think, client"
"146",88447,"israel palestine war",2,"can, right, feebased, adviser, think"
"147",88447,"israel palestine war",3,"know, right, can, financial, well"
"148",89681,"israel palestine war",1,"war, people, going, know, just"
"149",89681,"israel palestine war",2,"know, people, going, war, well"
"150",89681,"israel palestine war",3,"know, war, congress, think, country"
"151",27563,"israel palestine war",1,"think, know, xrp, really, crypto"
"152",27563,"israel palestine war",2,"think, going, want, now, like"
"153",27563,"israel palestine war",3,"now, know, xrp, kind, look"
"154",85866,"israel palestine war",1,"trump, brooks, one, administration, william"
"155",85866,"israel palestine war",2,"david, william, brooks, people, trump"
"156",85866,"israel palestine war",3,"think, brangham, just, going, say"
"157",47638,"israel palestine war",1,"know, union, going, workers, administration"
"158",47638,"israel palestine war",2,"people, administration, employees, know, continue"
"159",47638,"israel palestine war",3,"federal, employees, people, just, trump"
"160",55954,"israel palestine war",1,"tenant, lease, language, paragraph, landlord"
"161",55954,"israel palestine war",2,"tenant, case, agreement, lease, policy"
"162",55954,"israel palestine war",3,"tenant, trial, insurance, sutton, court"
"163",31228,"israel palestine war",1,"bloomberg, new, federal, also, news"
"164",31228,"israel palestine war",2,"morning, tariffs, good, says, karen"
"165",31228,"israel palestine war",3,"president, bloomberg, trump, think, well"
"166",96859,"israel palestine war",1,"trump, one, country, new, quote"
"167",96859,"israel palestine war",2,"trump, people, federal, monday, health"
"168",96859,"israel palestine war",3,"people, administration, trump, health, cuts"
"169",22380,"israel palestine war",1,"court, tariffs, trump, trade, donald"
"170",22380,"israel palestine war",2,"donald, court, trump, trade, appeals"
"171",22380,"israel palestine war",3,"trump, states, court, international, united"
"172",58418,"israel palestine war",1,"china, road, port, silk, infrastructure"
"173",58418,"israel palestine war",2,"china, chinese, new, duisburg, two"
"174",58418,"israel palestine war",3,"chinese, alibaba, europe, logistics, trade"
"175",27576,"israel palestine war",1,"crisis, downturn, economy, world, recession"
"176",27576,"israel palestine war",2,"recession, economic, growth, inflation, economy"
"177",27576,"israel palestine war",3,"economy, crisis, growth, china, much"
"178",49941,"israel palestine war",1,"know, people, going, things, right"
"179",49941,"israel palestine war",2,"people, come, like, going, know"
"180",49941,"israel palestine war",3,"like, just, fire, see, one"
"181",94398,"israel palestine war",1,"court, international, gaza, israel, now"
"182",94398,"israel palestine war",2,"israel, international, gaza, unra, israeli"
"183",94398,"israel palestine war",3,"israel, unra, international, people, israel's"
"184",86839,"israel palestine war",1,"china, kind, african, think, can"
"185",86839,"israel palestine war",2,"kind, countries, china, think, president"
"186",86839,"israel palestine war",3,"countries, china, kind, african, terms"
"187",47266,"israel palestine war",1,"think, defense, french, kind, countries"
"188",47266,"israel palestine war",2,"china, france, really, countries, also"
"189",47266,"israel palestine war",3,"think, france, french, asia, really"
"190",38319,"israel palestine war",1,"world, order, know, global, china"
"191",38319,"israel palestine war",2,"countries, economic, order, bricks, going"
"192",38319,"israel palestine war",3,"china, economic, think, now, global"
"193",24863,"israel palestine war",1,"elon, trump, helped, like, kanye"
"194",24863,"israel palestine war",2,"elon, okay, musk, one, trump"
"195",24863,"israel palestine war",3,"know, trump, now, new, elon"
"196",53139,"israel palestine war",1,"gaza, israel, said, aid, even"
"197",53139,"israel palestine war",2,"trump, much, israeli, israel, gaza"
"198",53139,"israel palestine war",3,"israel, hamas, official, israeli, said"
"199",33729,"israel palestine war",1,"think, putin, ukraine, trump, really"
"200",33729,"israel palestine war",2,"trump, can, really, right, think"
"201",33729,"israel palestine war",3,"putin, trump, russia, ukraine, see"
"202",69927,"israel palestine war",1,"tsmc, fab, make, advanced, now"
"203",69927,"israel palestine war",2,"tsmc, chips, chip, arizona, fab"
"204",69927,"israel palestine war",3,"chips, advanced, tsmc, taiwan, like"
"205",74869,"israel palestine war",1,"china, ports, countries, like, china's"
"206",74869,"israel palestine war",2,"port, chinese, countries, network, trade"
"207",74869,"israel palestine war",3,"china, military, network, china's, chinese"
"208",31878,"israel palestine war",1,"back, bangladesh, people, india, reform"
"209",31878,"israel palestine war",2,"people, bangladesh, country, new, whether"
"210",31878,"israel palestine war",3,"government, bangladesh, said, want, election"
"211",79259,"israel palestine war",1,"think, well, trump, know, gulf"
"212",79259,"israel palestine war",2,"trump, think, qatar, visit, get"
"213",79259,"israel palestine war",3,"saudi, mean, trump, qatar, actually"
"214",65660,"israel palestine war",1,"latin, china, america, mean, countries"
"215",65660,"israel palestine war",2,"china, america, countries, region, can"
"216",65660,"israel palestine war",3,"know, region, america, china, well"
"217",71906,"israel palestine war",1,"also, put, taylor, one, point"
"218",71906,"israel palestine war",2,"one, like, georgia, talk, furries"
"219",71906,"israel palestine war",3,"right, just, man, know, georgia"
"220",19011,"israel palestine war",1,"tax, companies, money, actually, swiss"
"221",19011,"israel palestine war",2,"tax, companies, jobs, money, profits"
"222",19011,"israel palestine war",3,"pay, taxes, just, like, now"
"223",90669,"israel palestine war",1,"million, people, deportation, like, just"
"224",90669,"israel palestine war",2,"deportation, people, trump, also, much"
"225",90669,"israel palestine war",3,"people, immigrants, one, trump, mass"
"226",28337,"israel palestine war",1,"musk, elon, trump's, donald, going"
"227",28337,"israel palestine war",2,"musk, elon, bill, budget, donald"
"228",28337,"israel palestine war",3,"trump, donald, elon, bill, said"
"229",66499,"israel palestine war",1,"poland, president, polls, well, election"
"230",66499,"israel palestine war",2,"president, government, poland, can, also"
"231",66499,"israel palestine war",3,"poland, government, president, election, liberal"
"232",34272,"israel palestine war",1,"world, ukraine, russian, trump, russia"
"233",34272,"israel palestine war",2,"ukraine, russia, president, ceasefire, now"
"234",34272,"israel palestine war",3,"ceasefire, russia, trump, russian, putin"
"235",78556,"israel palestine war",1,"eop, uganda, construction, project, also"
"236",78556,"israel palestine war",2,"pipeline, project, tanzania, oil, also"
"237",78556,"israel palestine war",3,"eop, uganda, pipeline, oil, construction"
"238",61821,"israel palestine war",1,"donald, elon, trump, musk, said"
"239",61821,"israel palestine war",2,"musk, trump, donald, people, day"
"240",61821,"israel palestine war",3,"trump, elon, donald, musk, president"
"241",39188,"israel palestine war",1,"tariffs, like, laughs, one, can"
"242",39188,"israel palestine war",2,"just, tariffs, laughs, audience, right"
"243",39188,"israel palestine war",3,"audience, laughs, trump, trade, know"
"244",52412,"israel palestine war",1,"bail, now, reform, people, like"
"245",52412,"israel palestine war",2,"bail, just, people, reform, one"
"246",52412,"israel palestine war",3,"bail, can, people, even, new"
"247",56688,"israel palestine war",1,"sex, workers, one, human, people"
"248",56688,"israel palestine war",2,"sex, work, workers, new, now"
"249",56688,"israel palestine war",3,"sex, people, like, trafficking, one"
"250",51961,"israel palestine war",1,"think, now, tariffs, democracy, people"
"251",51961,"israel palestine war",2,"think, just, america, trump, people"
"252",51961,"israel palestine war",3,"going, economic, like, since, billion"
"253",43726,"israel palestine war",1,"taiwan, china, one, states, chinese"
"254",43726,"israel palestine war",2,"china, taiwan, island, beijing, united"
"255",43726,"israel palestine war",3,"china, chinese, chain, military, also"
"256",91134,"israel palestine war",1,"gaza, people, palestinian, now, going"
"257",91134,"israel palestine war",2,"think, britain, global, also, ever"
"258",91134,"israel palestine war",3,"people, think, europe, going, now"
"259",85926,"israel palestine war",1,"trump, tuesday, secretary, like, court"
"260",85926,"israel palestine war",2,"president, state, corpus, like, people"
"261",85926,"israel palestine war",3,"tuesday, secretary, israel, rubio, senator"
"262",30309,"israel palestine war",1,"book, data, development, try, really"
"263",30309,"israel palestine war",2,"china, actually, really, well, data"
"264",30309,"israel palestine war",3,"companies, actually, company, really, costs"
"265",13749,"israel palestine war",1,"know, right, think, whether, kind"
"266",13749,"israel palestine war",2,"know, right, think, israel, people"
"267",13749,"israel palestine war",3,"going, just, like, trump, right"
"268",74215,"israel palestine war",1,"co-pilot, want, use, within, word"
"269",74215,"israel palestine war",2,"can, use, see, now, prompt"
"270",74215,"israel palestine war",3,"information, key, now, researcher, case"
"271",15156,"israel palestine war",1,"laughter, announcement, big, going, know"
"272",15156,"israel palestine war",2,"jet, one, now, trump, president"
"273",15156,"israel palestine war",3,"fat, laughter, friend, guy, like"
"274",13728,"israel palestine war",1,"know, big, like, social, tulsi"
"275",13728,"israel palestine war",2,"season, one, fox, news, fema"
"276",13728,"israel palestine war",3,"know, yes, trump, man, right"
"277",84664,"israel palestine war",1,"jesus, like, american, noem, going"
"278",84664,"israel palestine war",2,"right, know, hey, got, like"
"279",84664,"israel palestine war",3,"laughter, know, corpus, noem, kristi"
"280",81573,"israel palestine war",1,"just, utilities, can, like, twinkle"
"281",81573,"israel palestine war",2,"utilities, cost, can, get, make"
"282",81573,"israel palestine war",3,"now, just, one, ready, utility"
"283",28345,"israel palestine war",1,"food, just, one, even, get"
"284",28345,"israel palestine war",2,"food, just, get, time, think"
"285",28345,"israel palestine war",3,"like, food, even, look, dates"
"286",15214,"israel palestine war",1,"world, elon, musk, president, times"
"287",15214,"israel palestine war",2,"trump, elon, one, times, post"
"288",15214,"israel palestine war",3,"musk, donald, biden, trump, white"
"289",48917,"israel palestine war",1,"families, people, time, can, bonds"
"290",48917,"israel palestine war",2,"going, howard, pay, lutnik, get"
"291",48917,"israel palestine war",3,"lutnik, tariffs, going, think, bonds"
"292",32836,"israel palestine war",1,"say, wasallam, provide, alaihi, allah"
"293",32836,"israel palestine war",2,"allah, one, provide, say, children"
"294",32836,"israel palestine war",3,"hadith, said, provide, children, kill"
"295",72424,"israel palestine war",1,"wudu, allah, wasallam, subhanahu, prophet"
"296",72424,"israel palestine war",2,"prophet, wasallam, alaihi, wudu, allah"
"297",72424,"israel palestine war",3,"wudu, allah, sallallahu, ta'aala, subhanahu"
"298",54293,"israel palestine war",1,"day, best, year, dua, right"
"299",54293,"israel palestine war",2,"right, islam, man, prophet, says, boy"
"300",54293,"israel palestine war",3,"time, allah, right, subhanahu, heart"
"301",38138,"israel palestine war",1,"money, can, laundering, one, also"
"302",38138,"israel palestine war",2,"well, laundering, like, transactions, money"
"303",38138,"israel palestine war",3,"can, property, one, money, like"
"304",37914,"israel palestine war",1,"goldman, like, just, now, wealth"
"305",37914,"israel palestine war",2,"sovereign, goldman, 1mdb, sachs, wealth"
"306",37914,"israel palestine war",3,"goldman, money, funds, like, billion"
"307",61670,"israel palestine war",1,"humanitarian, can, lecturers, years, university"
"308",61670,"israel palestine war",2,"little, world, one, bot, coast"
"309",61670,"israel palestine war",3,"people, university, need, sudan, young"
"310",91060,"israel palestine war",1,"know, think, pope, people, sort"
"311",91060,"israel palestine war",2,"just, church, right, think, well"
"312",91060,"israel palestine war",3,"pope, right, kind, people, think"
"313",58174,"israel palestine war",1,"love, lord, feed, alleluia, sheep"
"314",58174,"israel palestine war",2,"peter, lord, christ, simon, god"
"315",58174,"israel palestine war",3,"lord, established, throne, heaven, said"
"316",44708,"israel palestine war",1,"trump, now, donald, ukraine, office"
"317",44708,"israel palestine war",2,"trump, meeting, also, ukraine, say"
"318",44708,"israel palestine war",3,"now, really, german, germany, much"
"319",32964,"israel palestine war",1,"like, just, well, know, yes"
"320",32964,"israel palestine war",2,"thank, say, know, going, okay"
"321",32964,"israel palestine war",3,"thank, yes, much, love, think"
"322",53238,"israel palestine war",1,"believe, get, just, god, say"
"323",53238,"israel palestine war",2,"good, just, right, now, got"
"324",53238,"israel palestine war",3,"max, singer, name, good, yeah"
"325",36093,"israel palestine war",1,"every, king, lord, jesus, holy, mighty, heaven, almighty, nation, knee, bow"
"326",36093,"israel palestine war",2,"still, one, can, every, girl, mama, gone"
"327",36093,"israel palestine war",3,"home, knew, love, calling, see"
"328",53850,"israel palestine war",1,"home, working, going, work, like"
"329",53850,"israel palestine war",2,"home, work, working, time, think"
"330",53850,"israel palestine war",3,"work, people, just, think, know"
"331",66742,"israel palestine war",1,"iran, right, going, israel, state"
"332",66742,"israel palestine war",2,"samaria, israel, palestinian, one, andrew"
"333",66742,"israel palestine war",3,"hamas, really, israel, andrew, well"
"334",97634,"israel palestine war",1,"round, table, can, one, recommendations"
"335",97634,"israel palestine war",2,"everyone, like, yesterday, now, thank"
"336",97634,"israel palestine war",3,"skills, one, training, innovation, workshop"
"337",58615,"israel palestine war",1,"food, know, netanyahu, people, really"
"338",58615,"israel palestine war",2,"food, get, continue, need, catastrophe"
"339",58615,"israel palestine war",3,"need, getting, seen, now, trucks"
"340",12837,"israel palestine war",1,"night, gaza, dead, israeli, tuesday"
"341",12837,"israel palestine war",2,"bombing, just, people, lay, hospital"
"342",12837,"israel palestine war",3,"sorry, children, just, first, areas"
"343",91592,"israel palestine war",1,"angeles, people, los, just, immigration"
"344",91592,"israel palestine war",2,"angeles, people, just, los, chris"
"345",91592,"israel palestine war",3,"los, angeles, one, fear, ice"
"346",62322,"israel palestine war",1,"allah, strength, one, wealth, people"
"347",62322,"israel palestine war",2,"allah, hearts, matter, idols, truth"
"348",62322,"israel palestine war",3,"people, one, let, allah, like"
"349",43683,"israel palestine war",1,"alaihi, wasallam, prophet, sallallahu, allah"
"350",43683,"israel palestine war",2,"prophet, alaihi, sallallahu, wasallam, hajj"
"351",43683,"israel palestine war",3,"wasallam, sallallahu, hajj, complete, said"
"352",87544,"israel palestine war",1,"israeli, captives, know, israel, israelis"
"353",87544,"israel palestine war",2,"think, israeli, now, israel, israelis"
"354",87544,"israel palestine war",3,"back, much, now, israeli, bring"
"355",30393,"israel palestine war",1,"region, communities, chad, refugees, increase"
"356",30393,"israel palestine war",2,"already, since, one, continue, region"
"357",30393,"israel palestine war",3,"region, people, increase, prices, refugees"
"358",83886,"israel palestine war",1,"military, disputed, china’s, power, neighbours"
"359",83886,"israel palestine war",2,"power, military, china’s, countries, also"
"360",83886,"israel palestine war",3,"military, defence, region, asia, can"
"361",21796,"israel palestine war",1,"going, tariffs, trump's, world, united"
"362",21796,"israel palestine war",2,"tariffs, united, world, well, trump"
"363",21796,"israel palestine war",3,"tax, big, american, back, states"
"364",47749,"israel palestine war",1,"musk, data, really, can, mean"
"365",47749,"israel palestine war",2,"data, government, elon, people, come"
"366",47749,"israel palestine war",3,"data, musk, now, important, may"
"367",95370,"israel palestine war",1,"trump, administration, quote, last, leo"
"368",95370,"israel palestine war",2,"thursday, said, trump, killed, pope"
"369",95370,"israel palestine war",3,"said, people, government, one, trump"
"370",34550,"israel palestine war",1,"know, people, book, like, saw"
"371",34550,"israel palestine war",2,"people, know, like, say, think"
"372",34550,"israel palestine war",3,"case, thing, know, get, actually"
"373",52853,"israel palestine war",1,"mean, gaza, people, die, israel"
"374",52853,"israel palestine war",2,"gaza, also, mean, people, want"
"375",52853,"israel palestine war",3,"stories, people, one, want, must"
"376",36647,"israel palestine war",1,"know, book, just, right, like"
"377",36647,"israel palestine war",2,"know, world, actually, like, talk"
"378",36647,"israel palestine war",3,"one, book, like, actually, think"
"379",77751,"israel palestine war",1,"israel, now, israeli, know, lebanon"
"380",77751,"israel palestine war",2,"israel, war, gaza, people, lebanon"
"381",77751,"israel palestine war",3,"israel, lebanon, also, israeli, war"
"382",10107,"israel palestine war",1,"david, like, know, see, think"
"383",10107,"israel palestine war",2,"schools, texas, ten, commandments, public, religious"
"384",10107,"israel palestine war",3,"abortion, smith, connor, anyone, clinic"
"385",94167,"israel palestine war",1,"gaza, starvation, now, mass, piece"
"386",94167,"israel palestine war",2,"alex, israel, gaza, now, beginning"
"387",94167,"israel palestine war",3,"gaza, just, food, israel, system"
"388",30994,"israel palestine war",1,"tonight, now, president, know, musk"
"389",30994,"israel palestine war",2,"tonight, just, news, authorities, david"
"390",30994,"israel palestine war",3,"tonight, trump, musk, president, new"
"391",16959,"israel palestine war",1,"trump, people, new, administration, aid"
"392",16959,"israel palestine war",2,"people, trump, new, students, home"
"393",16959,"israel palestine war",3,"israeli, gaza, day, wednesday, home"
"394",11072,"israel palestine war",1,"know, just, see, now, trump"
"395",11072,"israel palestine war",2,"blah, now, one, like, trump"
"396",11072,"israel palestine war",3,"like, know, people, day, said"
"397",47971,"israel palestine war",1,"elon, musk, like, know, going"
"398",47971,"israel palestine war",2,"trump, right, harvard, one, get"
"399",47971,"israel palestine war",3,"know, get, good, guy, think"
"400",81945,"israel palestine war",1,"going, like, know, musk, yes"
"401",81945,"israel palestine war",2,"elon, also, ernst, okay, think"
"402",81945,"israel palestine war",3,"biden, just, know, joe, ketamine"
"403",34188,"israel palestine war",1,"trump, donald, new, deals, golf"
"404",34188,"israel palestine war",2,"donald, president, care, trump, like"
"405",34188,"israel palestine war",3,"trump, family, meme, number, want"
"406",65346,"israel palestine war",1,"scandal, musk, biden, laughter, just"
"407",65346,"israel palestine war",2,"like, trump, just, guy, eye"
"408",65346,"israel palestine war",3,"biden, know, president, think, laughter"
"409",83688,"israel palestine war",1,"even, kids, five, houses, know"
"410",83688,"israel palestine war",2,"know, yeah, trying, people, balata"
"411",83688,"israel palestine war",3,"now, people, big, families, whole"
"412",39296,"israel palestine war",1,"israeli, israel, palestinians, gaza, libya"
"413",39296,"israel palestine war",2,"gaza, israel, said, israel's, well"
"414",39296,"israel palestine war",3,"gaza, israel, strip, can, population"
"415",14112,"israel palestine war",1,"parliament, things, plan, see, work"
"416",14112,"israel palestine war",2,"know, conservatives, government, things, big"
"417",14112,"israel palestine war",3,"country, budget, government, plan, work"
"418",68951,"israel palestine war",1,"gaza, completely, aid, day, food"
"419",68951,"israel palestine war",2,"people, humanitarian, water, israeli, get"
"420",68951,"israel palestine war",3,"gaza, humanitarian, israel, electricity, aid"
"421",97734,"israel hamas war",1,"jerusalem, going, know, green, line"
"422",97734,"israel hamas war",2,"one, line, living, temple, say"
"423",97734,"israel hamas war",3,"green, temple, israel, palestinians, line"
"424",28992,"israel hamas war",1,"country, new, assad, now, war"
"425",28992,"israel hamas war",2,"government, country, syria, many, international"
"426",28992,"israel hamas war",3,"syria, many, war, arab, government"
"427",75293,"israel hamas war",1,"like, operation, israeli, mad, leader"
"428",75293,"israel hamas war",2,"dubai, operation, passports, allies, one"
"429",75293,"israel hamas war",3,"hamas, passports, israel, well, mad"
"430",37699,"israel hamas war",1,"hamas, tunnels, israel, gaza, israeli"
"431",37699,"israel hamas war",2,"tunnels, israel, hamas, gaza, israeli"
"432",37699,"israel hamas war",3,"tunnels, weapons, underground, palestinian, homes"
"433",15813,"israel hamas war",1,"rescue, can, people, four, ship"
"434",15813,"israel hamas war",2,"gaza, now, people, can, nonviolent"
"435",15813,"israel hamas war",3,"flotilla, gaza, people, ship, also"
"436",92020,"israel hamas war",1,"just, first, like, one, know"
"437",92020,"israel hamas war",2,"church, years, people, united, dark"
"438",92020,"israel hamas war",3,"like, churches, gospel, church, one"
"439",87138,"israel hamas war",1,"musk, trump, elon, first, bill"
"440",87138,"israel hamas war",2,"trump, elon, got, musk, now"
"441",87138,"israel hamas war",3,"trump, musk, elon, bill, epstein"
"442",12433,"israel hamas war",1,"international, law, gaza, israel, people"
"443",12433,"israel hamas war",2,"law, israel, one, states, also"
"444",12433,"israel hamas war",3,"israel, law, international, human, civilians"
"445",25221,"israel hamas war",1,"people, jewish, see, zionism, palestine"
"446",25221,"israel hamas war",2,"people, religion, zionism, can, know"
"447",25221,"israel hamas war",3,"jewish, people, judaism, know, now"
"448",19883,"israel hamas war",1,"jerusalem, israeli, like, settler, built"
"449",19883,"israel hamas war",2,"jerusalem, east, palestinians, israel, settler"
"450",19883,"israel hamas war",3,"israeli, palestinian, israel, build, people"
"451",99437,"israel hamas war",1,"one, can, like, yeah, life"
"452",99437,"israel hamas war",2,"just, cubs, still, chick, one"
"453",99437,"israel hamas war",3,"like, years, egg, lemurs, time"
"454",22799,"israel hamas war",1,"lebanon, muslim, civil, war, lebanese"
"455",22799,"israel hamas war",2,"war, muslim, political, christian, country"
"456",22799,"israel hamas war",3,"lebanon, christian, religious, country, million"
"457",56477,"israel hamas war",1,"know, mean, said, people, one"
"458",56477,"israel hamas war",2,"mean, people, know, class, want"
"459",56477,"israel hamas war",3,"mean, know, party, yeah, kind"
"460",16840,"israel hamas war",1,"taiwan, china, one, states, chinese"
"461",16840,"israel hamas war",2,"china, taiwan, island, beijing, united"
"462",16840,"israel hamas war",3,"china, chinese, chain, military, also"
"463",80108,"israel hamas war",1,"israel, lebanon, war, israeli, palestinian"
"464",80108,"israel hamas war",2,"lebanon, beirut, hezbollah, iran, shiites"
"465",80108,"israel hamas war",3,"israel, hezbollah, war, israeli, since"
"466",87806,"israel hamas war",1,"president, ford, donald, like, trump"
"467",87806,"israel hamas war",2,"trump, presidential, people, low, crooked"
"468",87806,"israel hamas war",3,"ford, trump, donald, humor, little"
"469",12002,"israel hamas war",1,"sha, iran, war, helicopter, islam"
"470",12002,"israel hamas war",2,"iran, sha, just, people, time"
"471",12002,"israel hamas war",3,"now, ayatollah, iranian, people, years"
"472",74891,"israel hamas war",1,"know, malaysia, dollars, one, think"
"473",74891,"israel hamas war",2,"know, jolo, money, now, china"
"474",74891,"israel hamas war",3,"jolo, 1mdb, money, think, legal"
"475",38151,"israel hamas war",1,"israel, mossad, time, mughniyeh, dubai"
"476",38151,"israel hamas war",2,"hezbollah, mahmoud, one, even, dubai"
"477",38151,"israel hamas war",3,"mossad, israel, one, mughniyeh, hamas"
"478",99733,"israel hamas war",1,"arrest, one, years, like, world"
"479",99733,"israel hamas war",2,"arrest, crimes, international, court, mosovich"
"480",99733,"israel hamas war",3,"war, crimes, court, international, mosovich"
"481",28197,"israel hamas war",1,"hamas, military, muhammad, khan, israeli"
"482",28197,"israel hamas war",2,"sinoir, israeli, hamas, muhammad, gaza"
"483",28197,"israel hamas war",3,"sinoir, israel, muhammad, hamas, shalit"
"484",88003,"israel hamas war",1,"gaza, strip, one, border, egypt"
"485",88003,"israel hamas war",2,"israel, strip, gaza, hamas, people"
"486",88003,"israel hamas war",3,"gaza, strip, accords, israeli, palestinian"
"487",15412,"israel hamas war",1,"israel, law, international, court, people"
"488",15412,"israel hamas war",2,"israel, international, palestinian, law, people"
"489",15412,"israel hamas war",3,"right, international, opinion, israel, law"
"490",36830,"israel hamas war",1,"french, porn, age, users, france"
"491",36830,"israel hamas war",2,"france, french, sites, news, law"
"492",36830,"israel hamas war",3,"age, law, just, verification, content"
"493",87651,"israel hamas war",1,"ukraine's, russian, ukrainian, missiles, drone"
"494",87651,"israel hamas war",2,"ukraine's, russian, missiles, air, ukrainian"
"495",87651,"israel hamas war",3,"missiles, patriot, drone, one, reported"
"496",60918,"israel hamas war",1,"israel, know, think, gaza, day"
"497",60918,"israel hamas war",2,"israel, gaza, now, first, war"
"498",60918,"israel hamas war",3,"one, gaza, change, israel, solution"
"499",52312,"israel hamas war",1,"hamas, israeli, security, remote, ben"
"500",52312,"israel hamas war",2,"israeli, israel, attack, security, settlements"
"501",52312,"israel hamas war",3,"hamas, israel, fence, israeli, troops"
"502",75692,"israel hamas war",1,"know, one, think, film, house"
"503",75692,"israel hamas war",2,"film, said, time, day, documentary"
"504",75692,"israel hamas war",3,"one, believe, film, think, died"
"505",19848,"israel hamas war",1,"gaza, israeli, know, flotilla, seals"
"506",19848,"israel hamas war",2,"gaza, going, much, hamas, people"
"507",19848,"israel hamas war",3,"going, people, gaza, aid, know"
"508",85369,"israel hamas war",1,"american, israel, people, think, palestinian"
"509",85369,"israel hamas war",2,"know, palestinian, say, just, like"
"510",85369,"israel hamas war",3,"know, say, time, book, people"
"511",72979,"israel hamas war",1,"musk, know, trump, really, musk's"
"512",72979,"israel hamas war",2,"kind, now, elon, mean, trump"
"513",72979,"israel hamas war",3,"think, always, trump, big, kind"
"514",34759,"israel hamas war",1,"church, god, know, can, also"
"515",34759,"israel hamas war",2,"people, want, god, just, life"
"516",34759,"israel hamas war",3,"know, one, can, god, just"
"517",81991,"israel hamas war",1,"iran, right, going, israel, state"
"518",81991,"israel hamas war",2,"samaria, israel, palestinian, one, andrew"
"519",81991,"israel hamas war",3,"hamas, really, israel, andrew, well"
"520",97936,"israel hamas war",1,"just, ewtn, can, school, like"
"521",97936,"israel hamas war",2,"well, pope, lot, math, people"
"522",97936,"israel hamas war",3,"now, catholic, musk, president, can"
"523",73713,"israel hamas war",1,"people, pakistan, one, pakistani, prime"
"524",73713,"israel hamas war",2,"one, say, india, people, pakistan"
"525",73713,"israel hamas war",3,"pakistan, also, government, india, committee"
"526",27250,"israel hamas war",1,"now, died, gaza, trump, gas"
"527",27250,"israel hamas war",2,"trump's, aid, court, reports, israel"
"528",27250,"israel hamas war",3,"new, texas, gaza, israeli, rights"
"529",66901,"israel hamas war",1,"trump, donald, president, just, musk"
"530",66901,"israel hamas war",2,"musk, now, president, like, house"
"531",66901,"israel hamas war",3,"even, now, elon, trump, government"
"532",76825,"israel hamas war",1,"debt, countries, gdp, imf, worse"
"533",76825,"israel hamas war",2,"rising, now, bill, government, interest"
"534",76825,"israel hamas war",3,"one, trillion, imf, just, value"
"535",51462,"israel hamas war",1,"states, saying, president, france, want"
"536",51462,"israel hamas war",2,"world, states, united, president, say"
"537",51462,"israel hamas war",3,"china, want, countries, china's, united"
"538",48629,"israel hamas war",1,"pakistan, democracy, first, one, constitution"
"539",48629,"israel hamas war",2,"pakistan, pakistan's, draft, army, east"
"540",48629,"israel hamas war",3,"army, pakistan's, leaders, different, one"
"541",98927,"israel hamas war",1,"gaza, people, palestinian, now, going"
"542",98927,"israel hamas war",2,"think, britain, global, also, ever"
"543",98927,"israel hamas war",3,"people, think, europe, going, now"
"544",18761,"israel hamas war",1,"know, people, going, things, right"
"545",18761,"israel hamas war",2,"people, come, like, going, know"
"546",18761,"israel hamas war",3,"like, just, fire, see, one"
"547",89762,"israel hamas war",1,"water, war, gaza, israel, israeli"
"548",89762,"israel hamas war",2,"water, muhammad, israeli, gaza, people"
"549",89762,"israel hamas war",3,"gaza, now, destroyed, life, war"
"550",90068,"israel hamas war",1,"news, anchor, think, can, get"
"551",90068,"israel hamas war",2,"news, like, think, human, humans"
"552",90068,"israel hamas war",3,"can, news, like, know, channel"
"553",35978,"israel hamas war",1,"going, empire, british, saudi, oil"
"554",35978,"israel hamas war",2,"oil, egypt, know, ottoman, state"
"555",35978,"israel hamas war",3,"british, empire, state, arab, going"
"556",72113,"israel hamas war",1,"people, now, like, important, things"
"557",72113,"israel hamas war",2,"think, can, know, now, congress"
"558",72113,"israel hamas war",3,"people, know, going, see, trump"
"559",41960,"israel hamas war",1,"jewish, jews, country, religion, people"
"560",41960,"israel hamas war",2,"jews, jew, israel, now, like"
"561",41960,"israel hamas war",3,"israel, jews, nationality, say, zionism"
"562",60728,"israel hamas war",1,"military, now, myanmar, people, can"
"563",60728,"israel hamas war",2,"military, myanmar, armed, now, people"
"564",60728,"israel hamas war",3,"groups, ethnic, people, armed, even"
"565",96329,"israel hamas war",1,"elon, trump, helped, like, kanye"
"566",96329,"israel hamas war",2,"elon, okay, musk, one, trump"
"567",96329,"israel hamas war",3,"know, trump, now, new, elon"
"568",75143,"israel hamas war",1,"spacex, billion, nasa, reporter, also"
"569",75143,"israel hamas war",2,"nasa, spacex, reporter, starlink, musk"
"570",75143,"israel hamas war",3,"spacex, reporter, government, lot, future"
"571",42299,"israel hamas war",1,"eggs, now, can, like, time"
"572",42299,"israel hamas war",2,"can, well, eggs, now, back"
"573",42299,"israel hamas war",3,"female, can, larvae, turtles, like"
"574",82917,"israel hamas war",1,"mean, just, well, people, know"
"575",82917,"israel hamas war",2,"going, people, gaza, just, know"
"576",82917,"israel hamas war",3,"people, international, know, like, law"
"577",18239,"israel hamas war",1,"war, angola, africa, mpla, became"
"578",18239,"israel hamas war",2,"conflict, cold, angola, began, now"
"579",18239,"israel hamas war",3,"angola, war, country, mpla, end"
"580",35147,"israel hamas war",1,"israeli, gaza, genocide, say, war"
"581",35147,"israel hamas war",2,"israel, war, gaza, palestinians, aid"
"582",35147,"israel hamas war",3,"gaza, israel, aid, now, israeli"
"583",31657,"israel hamas war",1,"war, international, peace, new, south"
"584",31657,"israel hamas war",2,"south, civil, peace, north, country"
"585",31657,"israel hamas war",3,"sudan, south, war, however, nuer"
"586",24650,"israel hamas war",1,"know, think, bill, ohio, power"
"587",24650,"israel hamas war",2,"think, want, one, bill, first"
"588",24650,"israel hamas war",3,"energy, power, ohio, really, right"
"589",70418,"israel hamas war",1,"china, philippines, sea, south, close"
"590",70418,"israel hamas war",2,"vietnam, philippines, military, that’s, china"
"591",70418,"israel hamas war",3,"china, sea, philippines, south, reef"
"592",88898,"israel hamas war",1,"china, ports, countries, like, china's"
"593",88898,"israel hamas war",2,"port, chinese, countries, network, trade"
"594",88898,"israel hamas war",3,"china, military, network, china's, chinese"
"595",93085,"israel hamas war",1,"germany’s, german, also, germany, energy"
"596",93085,"israel hamas war",2,"economy, german, energy, goods, export"
"597",93085,"israel hamas war",3,"germany, economic, germany’s, like, also"
"598",28237,"israel hamas war",1,"trade, dollar, deficits, global, trump's"
"599",28237,"israel hamas war",2,"dollar, trade, manufacturing, like, currency"
"600",28237,"israel hamas war",3,"dollar, currency, trade, trump, strong"
"601",94932,"israel hamas war",1,"greenland, denmark, trump, greenland’s, government"
"602",94932,"israel hamas war",2,"greenland, denmark, danish, arctic, important"
"603",94932,"israel hamas war",3,"denmark, greenland, america, military, part"
"604",54949,"israel hamas war",1,"hostages, israel, hamas, israeli, one"
"605",54949,"israel hamas war",2,"israel, netanyahu, plane, palestinian, hostages"
"606",54949,"israel hamas war",3,"hostages, prisoners, plane, one, released"
"607",15274,"israel hamas war",1,"families, people, time, can, bonds"
"608",15274,"israel hamas war",2,"going, howard, pay, lutnik, get"
"609",15274,"israel hamas war",3,"lutnik, tariffs, going, think, bonds"
"610",74131,"israel hamas war",1,"geoff, two, president, going, trump"
"611",74131,"israel hamas war",2,"trump, democrats, putin, want, two"
"612",74131,"israel hamas war",3,"david, capehart, bennett, president, just"
"613",39892,"israel hamas war",1,"world, elon, musk, president, times"
"614",39892,"israel hamas war",2,"trump, elon, one, times, post"
"615",39892,"israel hamas war",3,"musk, donald, biden, trump, white"
"616",19625,"israel hamas war",1,"french, france, submarines, now, people"
"617",19625,"israel hamas war",2,"europe, gaul, one, france, military"
"618",19625,"israel hamas war",3,"president, germany, like, orcus, much"
"619",47281,"israel hamas war",1,"johnson, like, candidate, president, many"
"620",47281,"israel hamas war",2,"chicago, party, democrats, president, support"
"621",47281,"israel hamas war",3,"president, convention, party, party's, harris"
"622",94507,"israel hamas war",1,"morris, taiwan, china, made, company"
"623",94507,"israel hamas war",2,"texas, taiwan, morris, taiwanese, made"
"624",94507,"israel hamas war",3,"china, morris, tsmc, texas, chang"
"625",65159,"israel hamas war",1,"president, country, crash, aviation, thank"
"626",65159,"israel hamas war",2,"aircraft, helicopter, iran's, maintenance, leader"
"627",65159,"israel hamas war",3,"president, aircraft, supreme, helicopter, leader"
"628",93863,"israel hamas war",1,"need, well, hay, help, drought"
"629",93863,"israel hamas war",2,"hay, dry, brett, australia, fodder"
"630",93863,"israel hamas war",3,"moment, know, farmers, rain, next"
"631",15392,"israel hamas war",1,"supreme, president, said, iran, one"
"632",15392,"israel hamas war",2,"iran, leader, one, army, years"
"633",15392,"israel hamas war",3,"next, iran's, assembly, years, council"
"634",25608,"israel hamas war",1,"people, hostages, american, islam, imam"
"635",25608,"israel hamas war",2,"people, terrorists, students, shah, embassy"
"636",25608,"israel hamas war",3,"embassy, return, united, shah, carter"
"637",62869,"israel hamas war",1,"sue, china, people, president, guyana"
"638",62869,"israel hamas war",2,"chinese, going, know, guyana, government"
"639",62869,"israel hamas war",3,"country, vice, get, chinese, guyana"
"640",48461,"israel hamas war",1,"jolo, know, dollars, think, one"
"641",48461,"israel hamas war",2,"1mdb, malaysian, one, prime, billion"
"642",48461,"israel hamas war",3,"know, think, minister, government, assets"
"643",83240,"israel hamas war",1,"think, can, know, program, nuclear"
"644",83240,"israel hamas war",2,"sort, israel, know, nuclear, right"
"645",83240,"israel hamas war",3,"israel, think, sort, iranian, regime"
"646",97004,"israel hamas war",1,"like, universities, american, much, know"
"647",97004,"israel hamas war",2,"today, mccarthyism, student, trump, federal"
"648",97004,"israel hamas war",3,"universities, american, university, now, higher"
"649",76735,"israel hamas war",1,"gaza, aid, site, hamas, humanitarian"
"650",76735,"israel hamas war",2,"aid, site, israeli, remaining, humanitarian"
"651",76735,"israel hamas war",3,"gaza, aid, need, food, palestinians"
"652",62217,"israel hamas war",1,"people, one, israel, iran, story"
"653",62217,"israel hamas war",2,"israel, multiple, place, months, mossad"
"654",62217,"israel hamas war",3,"israel, know, intelligence, time, level"
"655",15269,"israel hamas war",1,"just, ukrainian, hit, ukraine, russia"
"656",15269,"israel hamas war",2,"russian, russia's, ukraine, drones, russia"
"657",15269,"israel hamas war",3,"ukraine, attack, now, russia's, attacks"
"658",15186,"israel hamas war",1,"river, assault, russians, russia, defensive"
"659",15186,"israel hamas war",2,"troops, air, assault, ukraine, can"
"660",15186,"israel hamas war",3,"russian, troops, attack, north, now"
"661",41091,"israel hamas war",1,"russian, ukrainian, russia, harke, lines"
"662",41091,"israel hamas war",2,"ukraine, military, town, like, assault"
"663",41091,"israel hamas war",3,"ukrainian, russian, missile, forces, harke"
"664",61033,"israel hamas war",1,"singapore, leadership, government, years, manufacturing"
"665",61033,"israel hamas war",2,"lee, singapore's, economy, wealth, attract"
"666",61033,"israel hamas war",3,"singapore, also, government, much, singapore's"
"667",15606,"israel hamas war",1,"gaza, israel, strip, idf, stated"
"668",15606,"israel hamas war",2,"hamas, idf, gaza, terrorists, strip"
"669",15606,"israel hamas war",3,"terrorists, hamas, israel, idf, underground"
"670",22396,"israel hamas war",1,"israel, land, desert, god, people"
"671",22396,"israel hamas war",2,"israel, come, years, land, people"
"672",22396,"israel hamas war",3,"see, can, know, people, israel"
"673",41319,"israel hamas war",1,"news, good, data, media, european"
"674",41319,"israel hamas war",2,"prices, oil, energy, europe, now"
"675",41319,"israel hamas war",3,"new, news, story, trump, growth"
"676",26447,"israel hamas war",1,"vilders, political, coalition, news, party"
"677",26447,"israel hamas war",2,"coalition, news, government, dutch, ground"
"678",26447,"israel hamas war",3,"vilders, coalition, elections, party, partners"
"679",35342,"israel hamas war",1,"russia, can, moscow, mean, ukraine"
"680",35342,"israel hamas war",2,"war, ukraine, russian, numbers, drones"
"681",35342,"israel hamas war",3,"drones, now, ukraine, just, one"
"682",76775,"israel hamas war",1,"civilians, ukrainian, attack, attacks, total"
"683",76775,"israel hamas war",2,"russians, ukraine, russian, russia, war"
"684",76775,"israel hamas war",3,"president, ukraine, well, russian, paul"
"685",36232,"israel hamas war",1,"israel, gaza, now, one, say"
"686",36232,"israel hamas war",2,"context, now, also, israelis, war"
"687",36232,"israel hamas war",3,"israel, gaza, israeli, context, people"
"688",92494,"israel hamas war",1,"india, pakistan, countries, world, indian"
"689",92494,"israel hamas war",2,"pakistan, delegations, countries, india's, one"
"690",92494,"israel hamas war",3,"pakistan, now, message, government, india's"
"691",91483,"israel hamas war",1,"west, government, ner, africa, just"
"692",91483,"israel hamas war",2,"like, africa, president, vagner, years"
"693",91483,"israel hamas war",3,"people, french, soldiers, ner, france"
"694",57038,"israel hamas war",1,"human, people, professor, international, found"
"695",57038,"israel hamas war",2,"rights, now, israel, palestinians, human"
"696",57038,"israel hamas war",3,"israel, report, rights, israel's, apartheid"
"697",10435,"israel hamas war",1,"mean, gaza, people, die, israel"
"698",10435,"israel hamas war",2,"gaza, also, mean, people, want"
"699",10435,"israel hamas war",3,"stories, people, one, want, must"
"700",84591,"israel hamas war",1,"know, like, think, film, land"
"701",84591,"israel hamas war",2,"know, like, community, film, people"
"702",84591,"israel hamas war",3,"like, people, basel, home, think"
"703",41052,"israel hamas war",1,"israeli, israel, palestinians, gaza, libya"
"704",41052,"israel hamas war",2,"gaza, israel, said, israel's, well"
"705",41052,"israel hamas war",3,"gaza, israel, strip, can, population"
"706",41605,"israel hamas war",1,"israeli, human, gaza, war, now"
"707",41605,"israel hamas war",2,"palestinians, now, israel, told, human"
"708",41605,"israel hamas war",3,"soldiers, used, like, can, told"
"709",78195,"israel hamas war",1,"know, can, just, children, help"
"710",78195,"israel hamas war",2,"can, thank, call, know, find"
"711",78195,"israel hamas war",3,"know, one, like, said, school"
"712",24250,"israel hamas war",1,"know, book, just, right, like"
"713",24250,"israel hamas war",2,"know, world, actually, like, talk"
"714",24250,"israel hamas war",3,"one, book, like, actually, think"
"715",39891,"israel hamas war",1,"plan, north, right, siege, now"
"716",39891,"israel hamas war",2,"think, palestine, yes, just, way"
"717",39891,"israel hamas war",3,"know, day, right, genocide, year"
"718",42286,"israel hamas war",1,"israel, now, israeli, know, lebanon"
"719",42286,"israel hamas war",2,"israel, war, gaza, people, lebanon"
"720",42286,"israel hamas war",3,"israel, lebanon, also, israeli, war"
"721",13277,"israel hamas war",1,"people, know, just, different, really"
"722",13277,"israel hamas war",2,"know, people, say, israel, think"
"723",13277,"israel hamas war",3,"know, just, like, actually, say"
"724",79706,"israel hamas war",1,"data, water, center, community, centers"
"725",79706,"israel hamas war",2,"silicon, water, just, empire, energy"
"726",79706,"israel hamas war",3,"valley, data, one, empire, sam"
"727",66755,"israel hamas war",1,"musk, data, really, can, mean"
"728",66755,"israel hamas war",2,"data, government, elon, people, come"
"729",66755,"israel hamas war",3,"data, musk, now, important, may"
"730",83398,"israel hamas war",1,"know, like, going, right, mean"
"731",83398,"israel hamas war",2,"know, war, israel, want, going"
"732",83398,"israel hamas war",3,"america, trump, donald, know, put"
"733",28802,"israel hamas war",1,"going, tariffs, trump's, world, united"
"734",28802,"israel hamas war",2,"tariffs, united, world, well, trump"
"735",28802,"israel hamas war",3,"tax, big, american, back, states"
"736",45215,"israel hamas war",1,"know, right, think, whether, kind"
"737",45215,"israel hamas war",2,"know, right, think, israel, people"
"738",45215,"israel hamas war",3,"going, just, like, trump, right"
"739",40547,"israel hamas war",1,"rain, morning, get, going, just"
"740",40547,"israel hamas war",2,"today, know, can, well, morning"
"741",40547,"israel hamas war",3,"right, rain, one, say, get"
"742",38754,"israel hamas war",1,"country, north, ireland, church, george"
"743",38754,"israel hamas war",2,"korea, church, armenia, movement, prayer"
"744",38754,"israel hamas war",3,"people, north, church, one, can"
"745",49670,"israel hamas war",1,"tsmc, fab, make, advanced, now"
"746",49670,"israel hamas war",2,"tsmc, chips, chip, arizona, fab"
"747",49670,"israel hamas war",3,"chips, advanced, tsmc, taiwan, like"
"748",17812,"israel hamas war",1,"people, world, news, gospel, children"
"749",17812,"israel hamas war",2,"god, church, see, children, christian"
"750",17812,"israel hamas war",3,"god, going, one, children, say"
"751",76154,"israel hamas war",1,"israel, musk, gaza, says, come"
"752",76154,"israel hamas war",2,"israel, gaza, cbn, now, carolina"
"753",76154,"israel hamas war",3,"president, israel, gaza, well, trump"
"754",70973,"israel hamas war",1,"know, think, pope, people, sort"
"755",70973,"israel hamas war",2,"just, church, right, think, well"
"756",70973,"israel hamas war",3,"pope, right, kind, people, think"
"757",11822,"israel hamas war",1,"people, want, country, working, going"
"758",11822,"israel hamas war",2,"people, country, got, social, many"
"759",11822,"israel hamas war",3,"people, know, just, going, citizens"
"760",57042,"israel hamas war",1,"india, quad, military, now, indian"
"761",57042,"israel hamas war",2,"well, minister, prime, know, work"
"762",57042,"israel hamas war",3,"countries, australia, india, work, know"
"763",49588,"israel hamas war",1,"party, time, certainly, also, nation"
"764",49588,"israel hamas war",2,"country, minister, give, think, may"
"765",49588,"israel hamas war",3,"party, government, opinion, get, said"
"766",43285,"israel hamas war",1,"air, india, just, done, news"
"767",43285,"israel hamas war",2,"pakistani, line, border, just, terror"
"768",43285,"israel hamas war",3,"pakistan, got, pakistani, just, stop"
"769",21831,"israel hamas war",1,"pakistan, people, army, two, kashmir"
"770",21831,"israel hamas war",2,"people, globe, one, think, country"
"771",21831,"israel hamas war",3,"one, think, across, army, country"
"772",53583,"israel hamas war",1,"state, people, judge, trump, can"
"773",53583,"israel hamas war",2,"people, right, killed, sunday, now"
"774",53583,"israel hamas war",3,"trump, president, trump's, war, administration"
"775",27957,"israel hamas war",1,"trump, president, new, including, school"
"776",27957,"israel hamas war",2,"russia, gaza, trump, european, ukraine"
"777",27957,"israel hamas war",3,"new, trump, said, quote, health"
"778",55255,"israel hamas war",1,"course, front, rate, right, must"
"779",55255,"israel hamas war",2,"bank, big, faction, reserve, must"
"780",55255,"israel hamas war",3,"course, story, can, murder, now"
"781",27389,"israel hamas war",1,"now, one, travel, just, dating"
"782",27389,"israel hamas war",2,"bill, president, one, now, also"
"783",27389,"israel hamas war",3,"country, now, travel, foreign, one"
"784",23597,"israel hamas war",1,"united, states, new, washington, tuesday"
"785",23597,"israel hamas war",2,"staff, prison, federal, inside, jail"
"786",23597,"israel hamas war",3,"trump, votes, quote, january, fake"
"787",73420,"israel hamas war",1,"said, trump, now, president, country"
"788",73420,"israel hamas war",2,"president, china, carney, talks, army"
"789",73420,"israel hamas war",3,"china, trade, second, chinese, people"
"790",20965,"israel hamas war",1,"love, lord, feed, alleluia, sheep"
"791",20965,"israel hamas war",2,"peter, lord, christ, simon, god"
"792",20965,"israel hamas war",3,"lord, established, throne, heaven, said"
"793",45603,"israel hamas war",1,"like, billion, dome, trump, missile"
"794",45603,"israel hamas war",2,"dome, billion, missile, like, defense"
"795",45603,"israel hamas war",3,"trump, even, golden, space, first"
"796",65882,"israel hamas war",1,"india, pakistan, pakistan's, ttp, now"
"797",65882,"israel hamas war",2,"pakistan, now, pakistani, attacks, just"
"798",65882,"israel hamas war",3,"india, proxies, first, pakistan, terror"
"799",61703,"israel hamas war",1,"pakistan, pakistan's, imf, even, economic"
"800",61703,"israel hamas war",2,"pakistan, now, billion, imf, debt"
"801",61703,"israel hamas war",3,"pakistan, imf, islamabad, dollar, billion"
"802",65877,"israel hamas war",1,"lot, world, much, know, really"
"803",65877,"israel hamas war",2,"world, can, know, just, way"
"804",65877,"israel hamas war",3,"help, actually, really, things, can"
"805",28949,"israel hamas war",1,"civil, indians, election, india, indian"
"806",28949,"israel hamas war",2,"india, service, important, first, civil"
"807",28949,"israel hamas war",3,"officers, servants, also, service, india"
"808",13472,"israel hamas war",1,"hina, bangladesh, one, shik, another"
"809",13472,"israel hamas war",2,"hina, elections, opposition, father, kept"
"810",13472,"israel hamas war",3,"shik, time, hina, people, came"
"811",23050,"israel hamas war",1,"know, years, back, moon, mind"
"812",23050,"israel hamas war",2,"know, just, years, now, energy"
"813",23050,"israel hamas war",3,"gurudev, think, pieces, many, thank"
"814",18041,"israel hamas war",1,"force, every, gaza, can, israel"
"815",18041,"israel hamas war",2,"ground, air, missiles, yemen, missile"
"816",18041,"israel hamas war",3,"air, israel, israeli, gaza, missile"
"817",20001,"israel hamas war",1,"found, medical, system, palestinian, workers"
"818",20001,"israel hamas war",2,"medical, israeli, doctors, israel, workers"
"819",20001,"israel hamas war",3,"israel, israeli, doctors, establishment, medicine"
"820",44722,"gaza war",1,"israel, prime, israeli, hamas, killed"
"821",44722,"gaza war",2,"gaza, israeli, can, two, war"
"822",44722,"gaza war",3,"hostages, war, israel, now, israeli"
"823",82336,"gaza war",1,"now, musk, president, know, epstein"
"824",82336,"gaza war",2,"know, musk, elon, trump, just"
"825",82336,"gaza war",3,"trump, musk, donald, elon, now"
"826",14135,"gaza war",1,"news, hamas, media, gaza, war"
"827",14135,"gaza war",2,"social, media, hamas, people, like"
"828",14135,"gaza war",3,"people, gaza, genocide, media, now"
"829",36363,"gaza war",1,"israel, gaza, way, just, like"
"830",36363,"gaza war",2,"israeli, israel, europe, going, people"
"831",36363,"gaza war",3,"just, israel, israel's, states, going"
"832",64807,"gaza war",1,"israeli, aid, people, ghf, now"
"833",64807,"gaza war",2,"now, aid, ghf, killed, shots"
"834",64807,"gaza war",3,"israeli, gaza, aid, people, site"
"835",56137,"gaza war",1,"jerusalem, going, know, green, line"
"836",56137,"gaza war",2,"one, line, living, temple, say"
"837",56137,"gaza war",3,"green, temple, israel, palestinians, line"
"838",46175,"gaza war",1,"hamas, tunnels, israel, gaza, israeli"
"839",46175,"gaza war",2,"tunnels, israel, hamas, gaza, israeli"
"840",46175,"gaza war",3,"tunnels, weapons, underground, palestinian, homes"
"841",19980,"gaza war",1,"going, iran, liz, one, united"
"842",19980,"gaza war",2,"going, israel, boat, iran, states"
"843",19980,"gaza war",3,"going, liz, israel, united, states"
"844",27163,"gaza war",1,"iran, nuclear, ballistic, materials, new"
"845",27163,"gaza war",2,"nuclear, said, warned, uranium, strike"
"846",27163,"gaza war",3,"iran, thran, missiles, going, missile"
"847",72488,"gaza war",1,"international, law, gaza, israel, people"
"848",72488,"gaza war",2,"law, israel, one, states, also"
"849",72488,"gaza war",3,"israel, law, international, human, civilians"
"850",85879,"gaza war",1,"taiwan, china, one, states, chinese"
"851",85879,"gaza war",2,"china, taiwan, island, beijing, united"
"852",85879,"gaza war",3,"china, chinese, chain, military, also"
"853",91139,"gaza war",1,"know, going, trump, world, america"
"854",91139,"gaza war",2,"know, country, way, say, fight"
"855",91139,"gaza war",3,"know, trump, just, now, like"
"856",47085,"gaza war",1,"deal, united, one, tariffs, tariff"
"857",47085,"gaza war",2,"trump, trade, china, tariffs, one"
"858",47085,"gaza war",3,"tariffs, step, markets, even, done"
"859",30415,"gaza war",1,"president, reporter, call, elon, trump"
"860",30415,"gaza war",2,"trump, reporter, new, musk, braun"
"861",30415,"gaza war",3,"reporter, saying, combs, drugs, president"
"862",13982,"gaza war",1,"elon, trump, helped, like, kanye"
"863",13982,"gaza war",2,"elon, okay, musk, one, trump"
"864",13982,"gaza war",3,"know, trump, now, new, elon"
"865",94091,"gaza war",1,"going, empire, british, saudi, oil"
"866",94091,"gaza war",2,"oil, egypt, know, ottoman, state"
"867",94091,"gaza war",3,"british, empire, state, arab, going"
"868",98607,"gaza war",1,"israeli, gaza, genocide, say, war"
"869",98607,"gaza war",2,"israel, war, gaza, palestinians, aid"
"870",98607,"gaza war",3,"gaza, israel, aid, now, israeli"
"871",51123,"gaza war",1,"greenland, denmark, trump, greenland’s, government"
"872",51123,"gaza war",2,"greenland, denmark, danish, arctic, important"
"873",51123,"gaza war",3,"denmark, greenland, america, military, part"
"874",59233,"gaza war",1,"people, jewish, see, zionism, palestine"
"875",59233,"gaza war",2,"people, religion, zionism, can, know"
"876",59233,"gaza war",3,"jewish, people, judaism, know, now"
"877",30878,"gaza war",1,"madawi, vermont, new, asked, mosen"
"878",30878,"gaza war",2,"people, vermont, going, peace, also"
"879",30878,"gaza war",3,"pain, well, want, justice, university"
"880",67131,"gaza war",1,"israel, law, international, court, people"
"881",67131,"gaza war",2,"israel, international, palestinian, law, people"
"882",67131,"gaza war",3,"right, international, opinion, israel, law"
"883",73012,"gaza war",1,"aid, now, get, netanyahu, think"
"884",73012,"gaza war",2,"people, see, say, can, just"
"885",73012,"gaza war",3,"aid, now, israeli, well, israel"
"886",19715,"gaza war",1,"swaine, can, hamas, fighters, fence"
"887",19715,"gaza war",2,"swaine, hamas, hebrew, yeah, see"
"888",19715,"gaza war",3,"israeli, attack, hamas, swaine, videos"
"889",96805,"gaza war",1,"radar, rico, contact, mig, iraqi"
"890",96805,"gaza war",2,"rico, two, can, left, miles"
"891",96805,"gaza war",3,"rico, enemy, sees, mig, pulls"
"892",94696,"gaza war",1,"israel, mossad, time, mughniyeh, dubai"
"893",94696,"gaza war",2,"hezbollah, mahmoud, one, even, dubai"
"894",94696,"gaza war",3,"mossad, israel, one, mughniyeh, hamas"
"895",37579,"gaza war",1,"tunnels, underground, may, hamas, used"
"896",37579,"gaza war",2,"tunnels, gaza, tunnel, underground, may"
"897",37579,"gaza war",3,"israel, underground, tunnels, gaza, using"
"898",44374,"gaza war",1,"donald, elon, trump, musk, said"
"899",44374,"gaza war",2,"musk, trump, donald, people, day"
"900",44374,"gaza war",3,"trump, elon, donald, musk, president"
"901",74583,"gaza war",1,"also, british, people, gaza, now"
"902",74583,"gaza war",2,"people, european, palestinian, review, government"
"903",74583,"gaza war",3,"israel, israeli, gaza, palestine, talk"
"904",62205,"gaza war",1,"like, going, trump, know, musk"
"905",62205,"gaza war",2,"think, really, trump, like, musk"
"906",62205,"gaza war",3,"trump, vance, musk, just, peter"
"907",39668,"gaza war",1,"north, missile, radar, systems, see"
"908",39668,"gaza war",2,"radar, canada, now, able, north"
"909",39668,"gaza war",3,"missile, canada, defense, america, threats"
"910",29346,"gaza war",1,"like, operation, israeli, mad, leader"
"911",29346,"gaza war",2,"dubai, operation, passports, allies, one"
"912",29346,"gaza war",3,"hamas, passports, israel, well, mad"
"913",92577,"gaza war",1,"musk, know, trump, really, musk's"
"914",92577,"gaza war",2,"kind, now, elon, mean, trump"
"915",92577,"gaza war",3,"think, always, trump, big, kind"
"916",39192,"gaza war",1,"aid, now, reports, iran, opposition"
"917",39192,"gaza war",2,"nuclear, iran, region, take, israel"
"918",39192,"gaza war",3,"iran, israel, iraq, aid, nuclear"
"919",81396,"gaza war",1,"haskell, music, company, day, see"
"920",81396,"gaza war",2,"haskell, think, new, back, every"
"921",81396,"gaza war",3,"haskell, team, better, years, company"
"922",93862,"gaza war",1,"care, gaza, hospitals, left, children"
"923",93862,"gaza war",2,"gaza, children, now, immediate, see"
"924",93862,"gaza war",3,"health, one, children, system, gaza"
"925",47310,"gaza war",1,"morris, taiwan, china, made, company"
"926",47310,"gaza war",2,"texas, taiwan, morris, taiwanese, made"
"927",47310,"gaza war",3,"china, morris, tsmc, texas, chang"
"928",44110,"gaza war",1,"germany’s, german, also, germany, energy"
"929",44110,"gaza war",2,"economy, german, energy, goods, export"
"930",44110,"gaza war",3,"germany, economic, germany’s, like, also"
"931",35830,"gaza war",1,"china, philippines, sea, south, close"
"932",35830,"gaza war",2,"vietnam, philippines, military, that’s, china"
"933",35830,"gaza war",3,"china, sea, philippines, south, reef"
"934",43338,"gaza war",1,"know, right, think, whether, kind"
"935",43338,"gaza war",2,"know, right, think, israel, people"
"936",43338,"gaza war",3,"going, just, like, trump, right"
"937",15644,"gaza war",1,"right, jeffrey, trump, friedman, want"
"938",15644,"gaza war",2,"know, thomas, going, friedman, one"
"939",15644,"gaza war",3,"know, israel, goldberg, jeffrey, trump"
"940",41691,"gaza war",1,"data, water, center, community, centers"
"941",41691,"gaza war",2,"silicon, water, just, empire, energy"
"942",41691,"gaza war",3,"valley, data, one, empire, sam"
"943",39187,"gaza war",1,"administration, trump, court, people, yeah"
"944",39187,"gaza war",2,"deported, trump, mexico, return, administration"
"945",39187,"gaza war",3,"now, judge, court, administration, can"
"946",86871,"gaza war",1,"foreign, temporary, workers, canadian, now"
"947",86871,"gaza war",2,"just, workers, job, temporary, even"
"948",86871,"gaza war",3,"canadians, labor, foreign, jobs, workers"
"949",36532,"gaza war",1,"tariffs, market, trump's, trump, canada"
"950",36532,"gaza war",2,"trump, just, tariffs, mexico, like"
"951",36532,"gaza war",3,"canada, know, companies, going, pause"
"952",84289,"gaza war",1,"can, company, made, profit, grocery"
"953",84289,"gaza war",2,"just, andrew, grams, food, like"
"954",84289,"gaza war",3,"product, andrew, can, milk, inflation"
"955",10409,"gaza war",1,"law, protesters, ktla, immigration, los"
"956",10409,"gaza war",2,"federal, agents, immigration, now, los"
"957",10409,"gaza war",3,"angeles, one, downtown, agents, chris"
"958",81363,"gaza war",1,"administration, plane, combs, students, president"
"959",81363,"gaza war",2,"reporter, tonight, one, night, cudi"
"960",81363,"gaza war",3,"reporter, barbecue, harvard, last, new"
"961",51753,"gaza war",1,"reporter, now, says, well, people"
"962",51753,"gaza war",2,"reporter, now, back, tonight, president"
"963",51753,"gaza war",3,"graduation, just, tonight, said, reporter"
"964",26627,"gaza war",1,"just, like, americans, bill, voted"
"965",26627,"gaza war",2,"billion, trillion, dollars, okay, well"
"966",26627,"gaza war",3,"musk, beautiful, already, big, one"
"967",83149,"gaza war",1,"families, people, time, can, bonds"
"968",83149,"gaza war",2,"going, howard, pay, lutnik, get"
"969",83149,"gaza war",3,"lutnik, tariffs, going, think, bonds"
"970",28621,"gaza war",1,"new, thing, now, one, cuomo"
"971",28621,"gaza war",2,"city, man, adams, new, cuomo"
"972",28621,"gaza war",3,"new, rats, right, stephen, cynthia"
"973",73084,"gaza war",1,"elon, laughter, like, trump, musk"
"974",73084,"gaza war",2,"trump, now, taco, know, laughter"
"975",73084,"gaza war",3,"big, beautiful, one, bill, laughter"
"976",60984,"gaza war",1,"population, palestine, going, austrian, just"
"977",60984,"gaza war",2,"one, population, like, palestinian, israelis"
"978",60984,"gaza war",3,"palestine, jewish, british, land, going"
"979",84019,"gaza war",1,"states, weapons, war, united, iraq"
"980",84019,"gaza war",2,"war, iraq, oil, weapons, destruction"
"981",84019,"gaza war",3,"states, united, iraq, george, kuwait"
"982",38510,"gaza war",1,"years, two, can, class, nixon"
"983",38510,"gaza war",2,"really, force, people, just, one"
"984",38510,"gaza war",3,"years, just, force, space, one"
"985",20287,"gaza war",1,"think, world, look, trade, know"
"986",20287,"gaza war",2,"know, kind, world, steve, say"
"987",20287,"gaza war",3,"revolution, know, netherlands, well, right"
"988",55795,"gaza war",1,"think, mean, know, gaza, israel"
"989",55795,"gaza war",2,"israel, know, years, people, now"
"990",55795,"gaza war",3,"know, think, sure, israel, way"
"991",58954,"gaza war",1,"just, say, terry, criminal, court"
"992",58954,"gaza war",2,"one, like, audience, people, can"
"993",58954,"gaza war",3,"terry, audience, said, fact, people"
"994",22258,"gaza war",1,"social, media, people, know, kids"
"995",22258,"gaza war",2,"going, kind, can, thing, get"
"996",22258,"gaza war",3,"know, like, social, really, look"
"997",45268,"gaza war",1,"civilians, ukrainian, attack, attacks, total"
"998",45268,"gaza war",2,"russians, ukraine, russian, russia, war"
"999",45268,"gaza war",3,"president, ukraine, well, russian, paul"
"1000",98800,"gaza war",1,"needs, years, much, government, germany"
"1001",98800,"gaza war",2,"economy, really, germany, invest, election"
"1002",98800,"gaza war",3,"germany, well, government, german, money"
"1003",33194,"gaza war",1,"energy, comes, fuel, machines, oil"
"1004",33194,"gaza war",2,"like, used, get, use, energy"
"1005",33194,"gaza war",3,"energy, just, electric, fossil, every"
"1006",62429,"gaza war",1,"new, pope, reporter, tonight, says"
"1007",62429,"gaza war",2,"pope, first, people, trump, today"
"1008",62429,"gaza war",3,"pope, president, reporter, trump, kohberger"
"1009",95053,"gaza war",1,"trump, people, musk, house, lot"
"1010",95053,"gaza war",2,"trump, just, government, said, think"
"1011",95053,"gaza war",3,"musk, now, elon, like, know"
"1012",88620,"gaza war",1,"universities, well, like, banning, education"
"1013",88620,"gaza war",2,"people, country, say, american, university"
"1014",88620,"gaza war",3,"know, jewish, people, think, states"
"1015",94520,"gaza war",1,"hamas, israeli, security, remote, ben"
"1016",94520,"gaza war",2,"israeli, israel, attack, security, settlements"
"1017",94520,"gaza war",3,"hamas, israel, fence, israeli, troops"
"1018",95396,"gaza war",1,"jewish, jews, country, religion, people"
"1019",95396,"gaza war",2,"jews, jew, israel, now, like"
"1020",95396,"gaza war",3,"israel, jews, nationality, say, zionism"
"1021",91177,"gaza war",1,"also, put, taylor, one, point"
"1022",91177,"gaza war",2,"one, like, georgia, talk, furries"
"1023",91177,"gaza war",3,"right, just, man, know, georgia"
"1024",54274,"gaza war",1,"gaza, starvation, now, mass, piece"
"1025",54274,"gaza war",2,"alex, israel, gaza, now, beginning"
"1026",54274,"gaza war",3,"gaza, just, food, israel, system"
"1027",75135,"gaza war",1,"harvard, students, speech, commencement, international"
"1028",75135,"gaza war",2,"students, harvard, school, mit, class"
"1029",75135,"gaza war",3,"harvard, palestine, students, speech, one"
"1030",21710,"gaza war",1,"rights, going, know, human, legacy"
"1031",21710,"gaza war",2,"well, one, omaha, legacy, malcolm"
"1032",21710,"gaza war",3,"malcolm, know, assassination, family, father"
"1033",41461,"gaza war",1,"interview, investment, banker, people, things"
"1034",41461,"gaza war",2,"take, going, give, advice, best"
"1035",41461,"gaza war",3,"day, hard, every, first, make"
"1036",76908,"gaza war",1,"citizenship, birthright, children, jurisdiction, amendment"
"1037",76908,"gaza war",2,"citizen, one, born, amendment, citizenship"
"1038",76908,"gaza war",3,"citizenship, actually, birthright, citizens, one"
"1039",17375,"gaza war",1,"defense, spending, welfare, government, money"
"1040",17375,"gaza war",2,"government, minister, cuts, welfare, now"
"1041",17375,"gaza war",3,"welfare, people, spending, government, minister"
"1042",88834,"gaza war",1,"gaza, hamas, need, israel, framework"
"1043",88834,"gaza war",2,"humanitarian, two, trucks, idf, need"
"1044",88834,"gaza war",3,"political, gaza, hamas, israel, idf"
"1045",56653,"gaza war",1,"government, israeli, people, israel, think"
"1046",56653,"gaza war",2,"people, government, prime, gaza, israel"
"1047",56653,"gaza war",3,"israel, israeli, britain, great, may"
"1048",92551,"gaza war",1,"machines, one, euv, chip, asml's"
"1049",92551,"gaza war",2,"asml, chips, euv, can, chip"
"1050",92551,"gaza war",3,"euv, chips, light, advanced, lithography"
"1051",13105,"gaza war",1,"world, elon, musk, president, times"
"1052",13105,"gaza war",2,"trump, elon, one, times, post"
"1053",13105,"gaza war",3,"musk, donald, biden, trump, white"
"1054",93317,"gaza war",1,"xai, said, trump, just, now"
"1055",93317,"gaza war",2,"back, combs, says, president, ventura"
"1056",93317,"gaza war",3,"news, today, tonight, days, just"
"1057",91216,"gaza war",1,"tsmc, fab, make, advanced, now"
"1058",91216,"gaza war",2,"tsmc, chips, chip, arizona, fab"
"1059",91216,"gaza war",3,"chips, advanced, tsmc, taiwan, like"
"1060",25623,"gaza war",1,"president, reporter, big, tom, right"
"1061",25623,"gaza war",2,"tonight, white, one, two, just"
"1062",25623,"gaza war",3,"reporter, now, nintendo, new, saying"
"1063",60810,"gaza war",1,"ever, one, suez, given, ship"
"1064",60810,"gaza war",2,"canal, ship, suez, quite, front"
"1065",60810,"gaza war",3,"one, ship, given, vessel, captain"
"1066",32461,"gaza war",1,"around, airfield, ukrainian, ukrainians, take"
"1067",32461,"gaza war",2,"airfield, first, helicopters, ukraine, ukrainian"
"1068",32461,"gaza war",3,"russian, land, airport, battle, ukrainians"
"1069",42351,"gaza war",1,"dinghy, hornell, water, wave, boat"
"1070",42351,"gaza war",2,"men, catalina, hornell, towards, second"
"1071",42351,"gaza war",3,"hornell, see, catalina, fire, get"
"1072",55685,"gaza war",1,"target, hit, sees, pilot, american"
"1073",55685,"gaza war",2,"american, two, towards, pulls, back"
"1074",55685,"gaza war",3,"one, missile, back, pilot, jet"
"1075",98990,"gaza war",1,"goldberg, ann, something, yes, peter"
"1076",98990,"gaza war",2,"know, just, jeffrey, leigh, like"
"1077",98990,"gaza war",3,"people, know, think, trump, jeffrey"
"1078",63521,"gaza war",1,"russian, city, brigade, ukrainians, plant"
"1079",63521,"gaza war",2,"russians, defenses, ukrainian, troops, vehicles"
"1080",63521,"gaza war",3,"russian, brigade, just, avdka, ukrainian"
"1081",96143,"gaza war",1,"musk, elon, trump's, donald, going"
"1082",96143,"gaza war",2,"musk, elon, bill, budget, donald"
"1083",96143,"gaza war",3,"trump, donald, elon, bill, said"
"1084",64554,"gaza war",1,"like, universities, american, much, know"
"1085",64554,"gaza war",2,"today, mccarthyism, student, trump, federal"
"1086",64554,"gaza war",3,"universities, american, university, now, higher"
"1087",66554,"gaza war",1,"also, gaza, injuries, hospitals, hospital"
"1088",66554,"gaza war",2,"israel, seeing, now, rose, colleagues"
"1089",66554,"gaza war",3,"hospital, gaza, rose, like, around"
"1090",45495,"gaza war",1,"people, like, print, lot, gaza"
"1091",45495,"gaza war",2,"people, understand, like, photos, growing"
"1092",45495,"gaza war",3,"photos, feel, know, children, sure"
"1093",63365,"gaza war",1,"know, people, one, like, things"
"1094",63365,"gaza war",2,"know, think, yeah, can, gonna"
"1095",63365,"gaza war",3,"need, people, just, know, think"
"1096",19489,"gaza war",1,"know, administration, sanctions, can, trump"
"1097",19489,"gaza war",2,"administration, judge, know, orders, court"
"1098",19489,"gaza war",3,"court, trump, contempt, just, can"
"1099",93626,"gaza war",1,"sha, iran, war, helicopter, islam"
"1100",93626,"gaza war",2,"iran, sha, just, people, time"
"1101",93626,"gaza war",3,"now, ayatollah, iranian, people, years"
"1102",88979,"gaza war",1,"trump, former, ever, see, one"
"1103",88979,"gaza war",2,"trump, president, just, elon, one"
"1104",88979,"gaza war",3,"trump, like, two, got, donald"
"1105",41828,"gaza war",1,"china, ports, countries, like, china's"
"1106",41828,"gaza war",2,"port, chinese, countries, network, trade"
"1107",41828,"gaza war",3,"china, military, network, china's, chinese"
"1108",44479,"gaza war",1,"nato, military, still, minister, stadium"
"1109",44479,"gaza war",2,"sleep, kosovo, people, also, prime"
"1110",44479,"gaza war",3,"plastic, kosovo, war, clear, researchers"
"1111",97743,"gaza war",1,"new, now, today, combs, people"
"1112",97743,"gaza war",2,"one, combs, just, says, say"
"1113",97743,"gaza war",3,"president, new, ventura, tonight, air"
"1114",83802,"gaza war",1,"home, working, going, work, like"
"1115",83802,"gaza war",2,"home, work, working, time, think"
"1116",83802,"gaza war",3,"work, people, just, think, know"
"1117",92288,"gaza war",1,"ari, can, brain, time, important"
"1118",92288,"gaza war",2,"ari, really, amarjot, brains, just"
"1119",92288,"gaza war",3,"amarjot, peekaboo, can, five, build"
"1120",17329,"gaza war",1,"humanitarian, civilians, gaza, international, aid"
"1121",17329,"gaza war",2,"international, now, can, council, scale"
"1122",17329,"gaza war",3,"gaza, aid, president, israeli, civilians"
